texto,sentiment_label,sentiment_transformer
"Despu√©s de escribir durante alg√∫n tiempo en ‚ÄúLas dos orillas‚Äù por all√° entre 2014 y 2015, vuelvo a las columnas de opini√≥n ma√±ana en el portal @CuartoDeHoraCol 
Estar√© todos los domingos. La columna de ma√±ana se llama: ‚ÄúLos herederos‚Äù.  Invitados.",NEU,NEU
"Transportaban el √ë√ë en aviones militares cuando el ministro de defensa era el expresidente de Fenalco Guillermo Botero.

Echarle glifosato al campesino y llevar al narco en los aviones de las Fuerzas Armadas.",NEG,NEU
"Hace poco Uribe propuso una amnist√≠a general, lo mismo pero desde un punto de vista jur√≠dico que es m√°s grave. Lo hace para salvar a m√°s de dos docenas de subalternos presos por su culpa. El perd√≥n que propone Petro es social y no tiene que ver con sacar corruptos de la c√°rcel.",NEG,NEU
"Palabras ante diputados y concejales del Centro Democr√°tico 

Parte 2 https://t.co/tHLvkUWwvR",NEU,NEU
"Aqu√≠ est√° la tasa de homicidios en el Cauca en los √∫ltimos gobiernos para que veamos que ha pasado con la paz y la violencia en la regi√≥n.

Hacer trizas la paz, que lo hizo lo votantes del No y despu√©s el gobierno de ""hacer trizas la Paz"" trajo estas consecuencias que nosotros tratamos de cambiar.",NEG,NEU
"As√≠ se enterr√≥ a Alejandro Llin√°s de Colombia Humana, asesinado por narcos paramilitares de la Sierra de Santa Marta

Alejandro fue marinero. Trabaj√≥ en la flota mercante grancolombiana

Defensor de la Sierra

Lo asesin√≥ el inter√©s por privatizar el  Tayrona para grandes hoteles https://t.co/r1jZxDI0WD",NEG,NEU
"Acevedo, Huila, cafeteros esperanzados en el Fond de Estabilizaci√≥n y el Piso Social M√≠nimo.
Agradecido con la solidaridad 
Roger Toro, Alcald√≠a 
MANUEL Mac√≠as, Gobernaci√≥n 

Ram√≥n Duarte, Alcald√≠a de Suaza de https://t.co/bx8Mlqd2HY",POS,NEU
"Llegamos a Valledupar con @mindefensa, C√∫pula de @FuerzasMilCol y @PoliciaColombia, donde adelantaremos un Consejo extraordinario de Seguridad. El mensaje es claro: seguiremos enfrentando con determinaci√≥n a las estructuras criminales que pretenden atentar contra los colombianos. https://t.co/I03DSbzL8b",NEU,NEU
Que le vaya muy bien.,POS,NEU
"Muri√≥ Arcesio Sanabria, ex Diputado del Guaviare, siempre gratitud con √©l y toda la solidaridad con la familia",NEG,NEU
El Gbno respondi√≥ que ya los alcaldes est√°n facultados para diferir pagos de impuestos locales (Dcto de emergencia),NEU,NEU
"Hoy queda en evidencia el enorme da√±o que el ministro de hacienda y las mayor√≠as del Congreso le han hecho al pa√≠s.

Reducir los impuestos a las grandes corporaciones financieras, mineras y otros grandes capitales es un verdadero suicidio econ√≥mico",NEG,NEU
"En cuidados intensivos est√° el patrullero Jhon Fredys Rodr√≠guez quien sufri√≥ un ataque con explosivos a la entrada de la Universidad Nacional.

No m√°s violencia. Ni del estado contra la juventud, ni de la juventud entre s√≠, incluida la juventud uniformada.

Buscamos la paz j√≥venes, un pacto de no violencia para que la universidad sea espacio de conocimiento y libre expresi√≥n.",NEG,NEU
"Los #Sac√∫deteAlParque que entregamos hoy con @MinInterior, en los municipios de Astrea, La Jagua de Ibirico y Becerril, en Cesar, son espacios de Equidad, dise√±ados para la promoci√≥n de la cultura y el deporte en nuestra juventud, que benefician a m√°s de 88.400 colombianos. https://t.co/4EpHnBpw4A",POS,NEU
"Estos datos son muy buenos para la econom√≠a colombiana. No solo logramos bajar dos puntos el desempleo nacional respecto a hace un a√±o, casi a un d√≠gito.
La tasa de ocupaci√≥n laboral creci√≥ tres puntos del 55 al 57% y creci√≥ la participaci√≥n global de la poblaci√≥n en la econom√≠a. https://t.co/AT9ojWzEE2",POS,NEU
"Ma√±ana estar√© con @IvanCepedaCast denunciando ante la @CIDH las chuzadas, los perfilamientos y la persecuci√≥n de este gobierno a los opositores. Retransmitir√© la audiencia por Facebook live a partir de las 10:00AM
Si la justicia no funciona en Colombia la buscaremos afuera https://t.co/tGtm8RvoZR",NEG,NEU
"Es obvio que los hijos de las v√≠ctimas quieran la JEP, si es la Justicia Especial para la Paz la que les permitir√° saber quien y por qu√© mataron a sus padres y a sus hermanos",NEU,NEU
"Hay una gran diferencia entre tratar de mover las personas hacia una agenda de cambio y moverlas bajo la l√≥gica de conservar el r√©gimen, y detener el cambio

Invito a las fuerzas de la coalici√≥n que convoc√≥ el partido verde a moverse hacia un programa para cambiar a Colombia.",NEU,NEU
"Contralor 
@CarlosHernanR1 seguimos esperando respuesta al estado de las investigaciones por la p√©rdida de miles de millones de d√≥lares en Ecopetrol.
Colombia merece saber la verdad. Es la tercera vez que le pregunto.",NEG,NEU
"Gracias @mariacebotero, @ConsueloLuzardo, @HeMallarino y Judy Henr√≠quez por su mensaje a las mujeres colombianas. https://t.co/B3WO3ip5IR",POS,NEU
"Me pregunto ¬øpor qu√© el ministerio de cultura critica el derribo de la estatua de un genocida y no que dinamiten el hospital San Juan de Dios, que por ley es un monumento nacional a la historia, a la salud y a la vida?
 https://t.co/vA3TLfdLR6",NEG,NEU
"@JUANCOL058 M√°s bien expl√≠queme ud, qu√© puede hacer un congresista en oposici√≥n y en minor√≠a para detener todo esto?",NEG,NEU
"Lo que hizo Pe√±alosa fue intentar matar el metro subterr√°neo porque sabe que reemplaza sus buses de transmilenio, por ser mas eficiente y digno la ciudadan√≠a.

¬øSe dejar√° la ciudadan√≠a?",NEG,NEU
"Esta es mi entrevista en ""The Economist"".

https://t.co/Iq7w5Fdx8o",NEU,NEU
"Encuentro con los colombianos: Apartad√≥. 
Por una econom√≠a fraterna, por una democracia estable. https://t.co/feEsaNJHRr",NEU,NEU
"Al lado de nuestros candidatos asesinados, iba un tercero a quien trataron de asesinar tambi√©n, WIlliam Montenegro, logro escapar y la mafia pol√≠tica local lo busca para acabar de asesinarlo.

Le exijo a Ivan Duque proteja a nuestro compa√±ero sobreviviente.",NEG,NEU
Entrevista en La Hora de la Verdad https://t.co/z9L6O2joir,NEU,NEU
"Con Fondo de Solidaridad Educativa beneficiamos a m√°s de 600 mil estudiantes con pago de su matr√≠cula y evitamos deserciones. Y con Agenda de Transformaci√≥n Social queremos gratuidad en universidades p√∫blicas en estratos 1, 2 y 3, para lograr m√°s equidad en educaci√≥n superior. https://t.co/n1xE4ykyT4",POS,NEU
"El actual mandatario de Hait√≠ ser√≠a el determinador de la operaci√≥n de asesinato.

Nuestra pol√≠tica internacional ha quedado ligada a grupos de extrema derecha en el mundo, y principalmente en la Florida, estrechamente ligados al narcotr√°fico.",NEG,NEU
"Guillermo Alfonso Jaramillo: gran opci√≥n para la alcald√≠a de Bogot√°. Fue alcalde de Ibagu√© y sali√≥ sin esc√°ndalos de Corrupcion. Es leal al proyecto progresista y a Petro.
Hombre confiable. 
https://t.co/rMqTcx6G5v",POS,NEU
"#DebatesCaracolRadio
Nos vemos a las 6:00 PM por Caracol Radio y por mis redes sociales en el Gran Debate con cabezas de lista al Senado.
Estar√© exponiendo las tesis y la agenda legislativa del Pacto Hist√≥rico.
Los y las espero. 
Favor RT https://t.co/TpRQA17jQj",NEU,NEU
"Un saludo muy especial a La Estrella, Antioquia, por sus m√°s de tres siglos de historia. Es conocido como el municipio verde de Colombia por su riqueza ambiental; tierra de gente amable, trabajadora que, en estos momentos dif√≠ciles, ha demostrado cultura ciudadana y resiliencia.",POS,NEU
"El presidiario ha desatado la violencia desde el Estado que controla, buscando su libertad. Sacrifica a todo un pueblo en su fin.

Es por esto que la polic√≠a est√° matando",NEG,NEU
"Por primera vez preguntan en una encuesta por el Pacto Hist√≥rico y resulta que les dio que es la primera fuerza pol√≠tica del pa√≠s. Tendr√≠a m√°s de 23 senadores.

https://t.co/J71cyxv5ek",NEU,NEU
Firmado contrato de concesi√≥n de Puerto Antioquia; anuncian cierre financiero de Mar 1 - Valora Analitik https://t.co/Y9PKl4f0V9,NEU,NEU
"#Petro90D√≠as 
‚Äî10 grupos armados est√°n en cese unilateral al fuego. Buenaventura lleva dos meses en relativa Paz. 
‚ÄîEn SEP y Oct disminuy√≥ el asesinato de l√≠deres sociales.
‚ÄîSe ampli√≥ territorio para 10 resguardos y se formalizaron 297.000 hect√°reas para ind√≠genas.
Sigue üëáüèΩ",NEU,NEU
"Podemos hoy afirmar con seguridad, ante el informe del secretario de salud de Bogot√°, fajardista, que no existe en realidad ning√∫n plan para ampliar la capacidad hospitalaria frente al virus , ni tampoco estaban preparados para la detecci√≥n masiva de la enfermedad.",NEG,NEU
"Madrugada triste con la noticia del fallecimiento de Ismael Namen en Valledupar. Noble amigo y comprometido defensor de las tesis que compart√≠amos, nos deja de enorme vac√≠o que en parte buscaremos compensar con su imborrable recuerdo",NEG,NEU
"NOTICIA
Habl√© con Contralor @CarlosHernanR1 
1-Instalaremos mesa t√©cnica para revisar m√∫ltiples denuncias sobre billonario desfalco en Ecopetrol. 
2-Abri√≥ investigaci√≥n por detrimento de 2.4 billones en venta de OIG Per√∫
3-Est√° actuando contra directivos de Bioenergy!
Nos escuch√≥ https://t.co/VgTjR27oNS",NEU,NEU
"Se hicieron tres instalaciones modernas para dormitorios de habitantes de calle, la Akademia para su preparaci√≥n, por primera vez se construy√≥ vivienda de inter√©s prioritario en la ciudad, se logr√≥ la reactivaci√≥n de la construcci√≥n en el centro de la ciudad.",POS,NEU
